id,name,city,room_type,host_type,badges,price_str,price_eur,rating_str,rating,nb_reviews,is_new_listing,person_capacity,latitude,longitude
RGVtYW5kU3RheUxpc3Rpbmc6MTQzNTYxMzA0OTkyMzEzMTUyMA==,Logement Romantique à Chatou | Jacuzzi Privé,Chatou,Appartement,Particulier,Annulation gratuite,995 €,995.0,"4,99 (77)",4.99,77.0,False,,48.90433,2.1575
RGVtYW5kU3RheUxpc3Rpbmc6MTYzMzAxMTgxOTY4MTEwMzMwMQ==,Studio de luxe | Balcon privé · Neuilly-Paris,Neuilly-sur-Seine,Appartement,Particulier,Annulation gratuite,616 €,616.0,Nouveau,,,True,,48.88507,2.26507
RGVtYW5kU3RheUxpc3Rpbmc6MTY1NDY1NTM4NjkxNDY1MjkzMA==,Petit studio centre de Paris,Paris,Hébergement,Particulier,Annulation gratuite,433 €,433.0,Nouveau,,,True,,48.85499,2.38959
RGVtYW5kU3RheUxpc3Rpbmc6OTI4OTgzNDg4MzI1MTM5NzUw,Appartement 47m2 à Paris,Paris,Appartement,Particulier,Annulation gratuite,782 €,782.0,"4,93 (55)",4.93,55.0,False,,48.876792490308446,2.3923959873384084
RGVtYW5kU3RheUxpc3Rpbmc6MTU4NzUxOTQyMDMyODA1Mzc4MA==,Appartement charmant au pied de Montmartre,Paris,Appartement,Particulier,Annulation gratuite,782 €,782.0,,,,False,,48.8833,2.34121
RGVtYW5kU3RheUxpc3Rpbmc6MTY0MjE1NDI4MTE2OTY3MDkzMw==,Vue extraordinaire sur la tour Eiffel,Paris,Appartement,Particulier,,1 068 €,1068.0,"5,0 (7)",5.0,7.0,False,,48.834584385246124,2.2982043573751403
RGVtYW5kU3RheUxpc3Rpbmc6MTY1MDYwMzgxNzE1OTYwMDYxMg==,"Bel appartement au porte de Paris, Métro M5 & M11",Romainville,Appartement,Particulier,Annulation gratuite,564 €,564.0,Nouveau,,,True,,48.88977188821719,2.4389775639029807
RGVtYW5kU3RheUxpc3Rpbmc6MTYyODE1OTg5NzYyODA5ODk5OQ==,"La Perle Raffiné, Luxueux, Neuf, Balcon, 10m Paris",Sèvres,Appartement,Professionnel,Annulation gratuite,848 €,848.0,"5,0 (5)",5.0,5.0,False,,48.82174884888403,2.203615762364841
RGVtYW5kU3RheUxpc3Rpbmc6MTYyOTYzMjYyOTM0NzA1NDMzMw==,Loft au design unique | Paris à 5 min,Les Lilas,Appartement,Professionnel,,,,"5,0 (3)",5.0,3.0,False,,48.88084,2.41773
RGVtYW5kU3RheUxpc3Rpbmc6MTY1NzMyMDE4MDQ4MDA5OTc1NA==,Appartement individuel 3 pièces tout juste rénové,Paris,Hébergement,Professionnel,Annulation gratuite,1 039 €,1039.0,Nouveau,,,True,,48.875,2.37401
RGVtYW5kU3RheUxpc3Rpbmc6MTY2MDg1MTQ2NzgyNzYzMTA0NQ==,Appartement 2 chambre la fayette gare du nord - 4p,Paris,Appartement,Professionnel,Annulation gratuite,897 €,897.0,Nouveau,,,True,,48.87769,2.35402
RGVtYW5kU3RheUxpc3Rpbmc6MTY2MDIyMjkxMTU5MTk0MTg0Ng==,Appartement de standing à louer,Boulogne-Billancourt,Appartement,Particulier,Annulation gratuite,1 016 €,1016.0,Nouveau,,,True,,48.8255,2.2345
RGVtYW5kU3RheUxpc3Rpbmc6MTY2NDQxMTIzODM2NDQ1NTU4Ng==,Superbe appartement 1 chambre/4 personnes – Quartier des Batignolles,Paris,Appartement,Professionnel,Annulation gratuite,1 186 €,1186.0,Nouveau,,,True,,48.88725,2.31138
RGVtYW5kU3RheUxpc3Rpbmc6MTY1MDE0MTM2OTY1MzQ2MjM0Nw==,Cabane 4 – Respiro,Paris,Hébergement,Particulier,,561 €,561.0,Nouveau,,,True,,48.87413,2.40138
RGVtYW5kU3RheUxpc3Rpbmc6MTIxODA4NTYxODEyMTY4OTQ3NA==,Une vue imprenable sur Paris.,Paris,Appartement,Particulier,Annulation gratuite,698 €,698.0,,,,False,,48.8513565941658,2.382319150780404
RGVtYW5kU3RheUxpc3Rpbmc6MTA2MDk3NjA5MTg0MTQ0NzUwOA==,Chambre avec vue imprenable sur la tour Eiffel et la Seine !,Paris,Chambre,,Annulation gratuite,1 660 €,1660.0,"5,0 (97)",5.0,97.0,False,,48.8539,2.2888
RGVtYW5kU3RheUxpc3Rpbmc6MTY0MDIzMjgyOTU5NDg4NTQ3OQ==,Superbe 3ch près Panthéon & Jardin Luxembourg,Paris,Appartement,Professionnel,Annulation gratuite,1 940 €,1940.0,"5,0 (5)",5.0,5.0,False,,48.84474,2.34712
RGVtYW5kU3RheUxpc3Rpbmc6MTY0MTE4OTA1OTA5MzY2MzU0Mg==,studio parc buttes chaumont,Paris,Appartement,Particulier,Annulation gratuite,457 €,457.0,Nouveau,,,True,,48.88148,2.38992
RGVtYW5kU3RheUxpc3Rpbmc6MTQ4MjU4MDA5NTg5NTU3NTA3NQ==,Grand appart calme – 6 pers – 5 min du métro,Montreuil,Appartement,Particulier,Annulation gratuite,506 €,506.0,Nouveau,,,True,,48.87587122552771,2.449211299206865
RGVtYW5kU3RheUxpc3Rpbmc6MTU3NTkxMTg2MTI2ODI1OTE4MA==,Le Nomad par Sweett | Studio,Paris,Hôtel,1 lit queen size,Annulation gratuite,863 €,863.0,"4,82 (97)",4.82,97.0,False,,48.84019,2.30758
RGVtYW5kU3RheUxpc3Rpbmc6MTY1NDkxMjg0ODk2OTE0Mzk4Ng==,"Appt. 2 pièces lumineux et calme, vue panoramique",Châtillon,Appartement,Particulier,Annulation gratuite,615 €,615.0,Nouveau,,,True,,48.81,2.2953
RGVtYW5kU3RheUxpc3Rpbmc6MTU3ODkwMDc3OTYyNTMzNzc0OQ==,Studio Aura 2 min RER B • Accès direct CDG & Paris,Le Bourget,Appartement,Particulier,Annulation gratuite,731 €,731.0,"5,0 (6)",5.0,6.0,False,,48.9315,2.4252
RGVtYW5kU3RheUxpc3Rpbmc6MTY0NTEwMDE3NzM2MjQ1ODEwOQ==,Élégant appartement rénové pour 2 à Paris,Paris,Appartement,Particulier,Annulation gratuite,969 €,969.0,Nouveau,,,True,,48.8812,2.2972
RGVtYW5kU3RheUxpc3Rpbmc6NTI4NTQxMzI=,Superbe appartement   près du Pantheon,Paris,Appartement,Particulier,Annulation gratuite,1 133 €,1133.0,"4,94 (50)",4.94,50.0,False,,48.8439,2.348
RGVtYW5kU3RheUxpc3Rpbmc6MTA5OTA3MzY5NDU1MzkxMjU0NQ==,Chambres Hote 5 Pers. Petit dejeun inclus. Parking,Nanterre,Chambre,,Annulation gratuite,838 €,838.0,"4,96 (56)",4.96,56.0,False,,48.8824,2.2085
RGVtYW5kU3RheUxpc3Rpbmc6MTYxOTUyNTYwNTQ2NjE1MTg3OQ==,"Studio Centre-ville, proche métro et Paris",Boulogne-Billancourt,Appartement,Particulier,Annulation gratuite,630 €,630.0,"4,9 (21)",4.9,21.0,False,,48.83843,2.24682
RGVtYW5kU3RheUxpc3Rpbmc6MTY0NzEyNzgwMTk4MTczMzgwMA==,Cosy flat 8min du métro &Parking intérieur gratuit,Saint-Denis,Appartement,Particulier,Annulation gratuite,731 €,731.0,"5,0 (9)",5.0,9.0,False,,48.924,2.3643
RGVtYW5kU3RheUxpc3Rpbmc6MTQ5NjQwMDMwOTc0NDM3NTc3OQ==,Loft luxueux avec une vue imprenable sur Paris,Puteaux,Appartement,Particulier,Annulation gratuite,1 277 €,1277.0,"5,0 (48)",5.0,48.0,False,,48.8877,2.2369
RGVtYW5kU3RheUxpc3Rpbmc6MTY0ODExMjMyMzQ3MjA5MzE5Ng==,Petit nid cosy aux portes de Paris,Saint-Ouen,Appartement,Professionnel,Annulation gratuite,450 €,450.0,Nouveau,,,True,,48.90161,2.32791
RGVtYW5kU3RheUxpc3Rpbmc6MTE4NjM1MDE5NTE3NzUwODgxOA==,"Bienvenue au calme 
Chambre avec sa SDB privée",Boulogne-Billancourt,Chambre,,Annulation gratuite,665 €,665.0,"4,88 (43)",4.88,43.0,False,,48.8384,2.2489
RGVtYW5kU3RheUxpc3Rpbmc6MTYyOTczMzcxOTkzODMyNDAyNQ==,Appartement charmant ile saint louis Paris 4 - 4P,Paris,Appartement,Professionnel,Annulation gratuite,,,Nouveau,,,True,,48.85346,2.35746
RGVtYW5kU3RheUxpc3Rpbmc6MTY0ODQ3OTQ0OTk1ODYwMTM1MA==,Charmant studio lumineux,Paris,Appartement,Particulier,,516 €,516.0,Nouveau,,,True,,48.8561,2.4088
RGVtYW5kU3RheUxpc3Rpbmc6MTYzNzgyMDUxMjU3MDczMDY5Mg==,Elegant Studio voltaire- Paris 11 - 2P,Paris,Appartement,Professionnel,,,,Nouveau,,,True,,48.85731224092014,2.377608885450282
RGVtYW5kU3RheUxpc3Rpbmc6MTQ1NDU1NjE0MjIzMDcwMTA2Ng==,Havre de paix Paris,Paris,Appartement,Particulier,Annulation gratuite,,,"4,82 (61)",4.82,61.0,False,,48.86618,2.37621
RGVtYW5kU3RheUxpc3Rpbmc6MTQzNTQwNzI1MTU2MTU5Njk1Ng==,Charmant studio calme tout équipé Paris 15,Paris,Appartement,Particulier,,694 €,694.0,,,,False,,48.84069,2.29346
RGVtYW5kU3RheUxpc3Rpbmc6MTYzNjMwODMxMTYxNzI5NDE2NA==,Appartement à côté de la gare de Lyon – Arena Bercy,Paris,Appartement,Particulier,,,,Nouveau,,,True,,48.84015214975651,2.377111626231232
RGVtYW5kU3RheUxpc3Rpbmc6MTY1OTYwODQ5MzI3Njk1ODcwNQ==,Paris • Élégant 2 chambres avec grand balcon,Paris,Appartement,Particulier,,869 €,869.0,Nouveau,,,True,,48.8919,2.3106
RGVtYW5kU3RheUxpc3Rpbmc6MTc3NzY1Mw==,Vue panoramique sur Paris à 5mn du métro et RER,Puteaux,Chambre,,,611 €,611.0,"4,9 (605)",4.9,605.0,False,,48.8878,2.2368
RGVtYW5kU3RheUxpc3Rpbmc6MTYwOTI4NDAyNzkwNTkzOTEzMA==,Appartement confortable a/c 1CH/4P - Saint-Mandé,Saint-Mandé,Appartement,2 lits,,,,"5,0 (5)",5.0,5.0,False,,48.8445,2.41916
RGVtYW5kU3RheUxpc3Rpbmc6MTY1MTY1MzA3MjA4ODQ3MjEyMA==,"Joli studio au cœur de Paris, central et pratique",Paris,Appartement,Particulier,,653 €,653.0,Nouveau,,,True,,48.868,2.3466
RGVtYW5kU3RheUxpc3Rpbmc6MTYyNDU3NjE4ODE2MjQ2ODgwNA==,Appartement de luxe près de l'Arc de Triomphe,Paris,Appartement,Particulier,Annulation gratuite,1 165 €,1165.0,"5,0 (3)",5.0,3.0,False,,48.88045229345543,2.288731741771998
RGVtYW5kU3RheUxpc3Rpbmc6MTA2OTE0ODgwMjI0NTQ3MzYxNg==,Vue sur la tour Eiffel de luxe et traditionnelle,Paris,Appartement,Particulier,,,,"4,91 (165)",4.91,165.0,False,,48.86263032427532,2.2926026477688692
RGVtYW5kU3RheUxpc3Rpbmc6MTY2NTQyNzkzOTUxMDEyMTgwNQ==,Petit appartement proche du Panthéon,Paris,Chambre d'hôtes,Professionnel,,510 €,510.0,Nouveau,,,True,,48.84482,2.35071
RGVtYW5kU3RheUxpc3Rpbmc6MTY1NTI2MTM2MDU4NDcwNDc3Mw==,Chambre indépendante (métro Barbara) avec jardin,Montrouge,Maison d'hôtes,Particulier,Annulation gratuite,421 €,421.0,"5,0 (5)",5.0,5.0,False,,48.8111,2.3195
RGVtYW5kU3RheUxpc3Rpbmc6ODgyNDkzODE2NTUyMDM4OTUy,Grande chambre au calme aux portes de Paris,Les Lilas,Chambre,,Annulation gratuite,347 €,347.0,"4,92 (377)",4.92,377.0,False,,48.875311035819635,2.412585294708956
RGVtYW5kU3RheUxpc3Rpbmc6MTY2MTYxOTQ5MzM1MzY0MTMxOA==,"Appartement design, proche Buttes-Chaumont",Le Pré-Saint-Gervais,Appartement,Professionnel,,694 €,694.0,Nouveau,,,True,,48.88576,2.40116
RGVtYW5kU3RheUxpc3Rpbmc6MTIxNTA0ODg0NDYxNTA0OTEzMw==,Chambre avec Balcon à Saint-Ouen,Saint-Ouen,Chambre,,Annulation gratuite,247 €,247.0,"4,83 (111)",4.83,111.0,False,,48.9024,2.3261
RGVtYW5kU3RheUxpc3Rpbmc6MTYwNDQ1MDY0NDkzMzU1MDU2MA==,Studio confortable idéal séjour Paris 11e,Paris,Appartement,Particulier,Annulation gratuite,577 €,577.0,Nouveau,,,True,,48.86652,2.37863
RGVtYW5kU3RheUxpc3Rpbmc6MTY1MjgzNTAzNTQyMTY1NzM0NA==,Charmant appartement avec balcon a Courbevoie - 4P,Courbevoie,Appartement,Professionnel,Annulation gratuite,650 €,650.0,Nouveau,,,True,,48.89915928148136,2.2455138658232485
RGVtYW5kU3RheUxpc3Rpbmc6MTQxODA1OTI0NzM2NjE3NTUwNQ==,Petit Paradis Avec Jardin - Proche Paris,Sartrouville,Maison d'hôtes,Particulier,Annulation gratuite,446 €,446.0,"4,96 (81)",4.96,81.0,False,,48.93303545944405,2.171288652081969
RGVtYW5kU3RheUxpc3Rpbmc6MTY2NTkyNjk0MDU3OTc5NDczNQ==,Appartement confortable près de Champ de Mars,Paris,Appartement,Particulier,Annulation gratuite,702 €,702.0,Nouveau,,,True,,48.85563975126148,2.3065614676338417
RGVtYW5kU3RheUxpc3Rpbmc6MTYzMjQyOTEzNTI2MTA0MzE0Ng==,Appartement typique parisien - balcon ensoleillé,Paris,Appartement,Particulier,Annulation gratuite,1 542 €,1542.0,Nouveau,,,True,,48.83824,2.25933
RGVtYW5kU3RheUxpc3Rpbmc6MTM0NDg2ODc5MzgxOTc2NjkxNA==,Chambre privée XXL avec vue panoramique sur Paris,Suresnes,Chambre,,,521 €,521.0,"4,91 (68)",4.91,68.0,False,,48.88,2.2232
RGVtYW5kU3RheUxpc3Rpbmc6MTA2ODY0Mzk5NzQ3ODY1OTMxMw==,Chambre double Paris La Défense 		& petit déjeuner,Nanterre,Chambre,,,971 €,971.0,"4,91 (23)",4.91,23.0,False,,48.89516,2.23225
RGVtYW5kU3RheUxpc3Rpbmc6MTU3MDg2Nzk1OTQ3MDM4ODU3NA==,Grand studio loft 40 m2 avec terrasse sur la Seine,Neuilly-sur-Seine,Chambre d'hôtes,Professionnel,,744 €,744.0,,,,False,,48.8806,2.2512
RGVtYW5kU3RheUxpc3Rpbmc6MTY1NTE3MDg2ODUyMzQzODI4MQ==,Appartement haut de gamme - 60m2 - Saint-Mandé,Saint-Mandé,Appartement,Professionnel,,864 €,864.0,Nouveau,,,True,,48.83967,2.41458
RGVtYW5kU3RheUxpc3Rpbmc6MTY2NDQ3ODgyMjE2MTc2ODc2Ng==,Appartement central Jardin des Plantes,Paris,Appartement,Particulier,Annulation gratuite,588 €,588.0,Nouveau,,,True,,48.84139,2.3613
RGVtYW5kU3RheUxpc3Rpbmc6MTY1OTQ4MTQ1MDgwMjMxMDMxOQ==,Le Saint-Martin • Studio rénové • Versailles 7 min,Jouy-en-Josas,Appartement,Professionnel,Annulation gratuite,448 €,448.0,"5,0 (4)",5.0,4.0,False,,48.7639,2.1675
RGVtYW5kU3RheUxpc3Rpbmc6MTY0MTI5NDEwNTg3NzA5MDg4OQ==,Le Sympa-T1-Métro 7-Proche Paris,Aubervilliers,Appartement,Professionnel,,290 €,290.0,"5,0 (3)",5.0,3.0,False,,48.91920430344871,2.396543602337484
RGVtYW5kU3RheUxpc3Rpbmc6ODczNzIwNDc5MDYyMzY2NTIx,Endroit magnifique et calme à Belleville,Paris,Appartement,Particulier,Annulation gratuite,969 €,969.0,"4,89 (28)",4.89,28.0,False,,48.8726,2.3812
RGVtYW5kU3RheUxpc3Rpbmc6MTQ3NjU4NTA3MTA0NTI3ODQxMg==,Charmant deux-pièces à deux pas de Notre-Dame,Paris,Appartement,Particulier,,1 142 €,1142.0,"5,0 (5)",5.0,5.0,False,,48.851347607983186,2.346283894478888
RGVtYW5kU3RheUxpc3Rpbmc6MTYyOTg4MjgwNjQ5NTU2NTEzMA==,Studio Prestige Eiffel,Paris,Appartement,Particulier,,893 €,893.0,Nouveau,,,True,,48.84378,2.29373
RGVtYW5kU3RheUxpc3Rpbmc6MTY1NzMzMjMyMzA1ODMyNzA4MA==,Arc de Triomphe - Tour Eiffel,Paris,Appartement,Particulier,,649 €,649.0,Nouveau,,,True,,48.8679,2.2978
RGVtYW5kU3RheUxpc3Rpbmc6MTI5MTg4MTEzNDM3Mzg5NTA3Nw==,Le Cocon Parisien – havre de paix à Paris,Paris,Appartement,Particulier,,1 080 €,1080.0,"4,94 (17)",4.94,17.0,False,,48.8355,2.4033
RGVtYW5kU3RheUxpc3Rpbmc6MTY1OTQxNjQ1Nzg5Mjg2NzY2Nw==,Appartement cosy Courbevoie proche la Défense,Courbevoie,Appartement,Particulier,,522 €,522.0,Nouveau,,,True,,48.89537,2.24961
RGVtYW5kU3RheUxpc3Rpbmc6NTIwODE1MDA=,Villa Garcia• Tennis • Proche Roland-Garros,Boulogne-Billancourt,Appartement,Professionnel,,707 €,707.0,"5,0 (4)",5.0,4.0,False,,48.83383,2.25295
RGVtYW5kU3RheUxpc3Rpbmc6MTY1MzY1MTQ5MTI3MTQ2NDg3OQ==,Charmant duplex climatisé - Bastille Le Marais,Paris,Appartement,2 lits,,986 €,986.0,Nouveau,,,True,,48.854977250288144,2.3708589582921262
RGVtYW5kU3RheUxpc3Rpbmc6MTYxNTEwNzQ0MzI5ODQxMjM1Mw==,Sublime Penthouse Trocadero Tour Eiffel,Paris,Appartement,Professionnel,,2 567 €,2567.0,"5,0 (3)",5.0,3.0,False,,48.8602,2.2747
RGVtYW5kU3RheUxpc3Rpbmc6MTQ5ODU0MzU5MjQxMzExODI3Mw==,Studio smart & confortable à La Défense,Courbevoie,Appartement,Particulier,,542 €,542.0,"4,86 (29)",4.86,29.0,False,,48.8947,2.2491
RGVtYW5kU3RheUxpc3Rpbmc6MTY1MDEwNTM1NjQ5Njk2OTUyNA==,Cabine 5 – Respiro,Paris,Hébergement,Particulier,,631 €,631.0,"5,0 (3)",5.0,3.0,False,,48.87290258403641,2.399904723064294
RGVtYW5kU3RheUxpc3Rpbmc6MTQ1NzEyMjk1OTAzNjU4MzU2Ng==,Studio Douceur,Puteaux,Appartement,Particulier,,479 €,479.0,"4,99 (76)",4.99,76.0,False,,48.8863,2.2436
RGVtYW5kU3RheUxpc3Rpbmc6OTI2NjUxMDI5MjMxNTM0Mjc5,Appartement avec vue sur jardin,Suresnes,Appartement,Particulier,,671 €,671.0,"4,98 (171)",4.98,171.0,False,,48.8806,2.22597
RGVtYW5kU3RheUxpc3Rpbmc6MzE0Mjg4,Bed & breakfast Paris gare de Lyon,Paris,Chambre,,,625 €,625.0,"4,83 (744)",4.83,744.0,False,,48.84537,2.38132
RGVtYW5kU3RheUxpc3Rpbmc6MTYzOTMxMDM0MTU1Njk3OTIwMA==,Apparemment Cosy et Design aux Batignolles,Paris,Appartement,Particulier,,,,"5,0 (4)",5.0,4.0,False,,48.88412,2.32132
RGVtYW5kU3RheUxpc3Rpbmc6MTAwNDk3OTg3MzU4MTI3NDE3Nw==,Le Michel Ange - La Défense / Parking / Wifi /,Courbevoie,Appartement,Particulier,,568 €,568.0,"4,87 (252)",4.87,252.0,False,,48.8966,2.2358
RGVtYW5kU3RheUxpc3Rpbmc6MTYzNzYxMjE2MzYwNzU4NTM3OQ==,Appartement cosy à 5 min de Montmartre,Paris,Appartement,Professionnel,,770 €,770.0,Nouveau,,,True,,48.88306,2.34949
RGVtYW5kU3RheUxpc3Rpbmc6MTYyMTY2MDAyMDEzMjM2NTQ3OQ==,"Appartement Calme et Centrale, Tout Équipée",Malakoff,Appartement,Particulier,,,,"5,0 (6)",5.0,6.0,False,,48.81343,2.29664
RGVtYW5kU3RheUxpc3Rpbmc6MTY1MTU1Mjg1ODg2MTc4MTIyMw==,"Suite Thellon : 10min de Paris, Vue Panoramique",Gennevilliers,Appartement,Professionnel,,1 083 €,1083.0,"5,0 (3)",5.0,3.0,False,,48.91619,2.3061
RGVtYW5kU3RheUxpc3Rpbmc6ODE0NDc3OTgwNDEyODQ3MTgw,Studio tout confort pour 2,Malakoff,Appartement,Particulier,,633 €,633.0,"4,95 (290)",4.95,290.0,False,,48.8174,2.3028
RGVtYW5kU3RheUxpc3Rpbmc6MTY0MzA0NTU0OTgxNDQxMTAyNw==,"Casa d’Isabel : élégance, et charme parisien.",Asnières-sur-Seine,Appartement,Particulier,,504 €,504.0,"5,0 (7)",5.0,7.0,False,,48.90833,2.28706
RGVtYW5kU3RheUxpc3Rpbmc6NDAxNjY5Mzg=,Chambre à Paris 12e,Paris,Chambre,,,602 €,602.0,"4,86 (37)",4.86,37.0,False,,48.8366,2.3826
RGVtYW5kU3RheUxpc3Rpbmc6MTU4MDQzMTI0MTM2MTM2OTY2Ng==,Chambre avec terrasse vue tour eiffel,Saint-Denis,Hébergement,Particulier,,533 €,533.0,,,,False,,48.91657,2.36656
RGVtYW5kU3RheUxpc3Rpbmc6MTA3NDk0MTc4NjU5NDE5MDQ3MA==,Chambre et salle de bains privées,Rueil-Malmaison,Chambre d'hôtes,Particulier,,390 €,390.0,"4,97 (232)",4.97,232.0,False,,48.8837,2.17996
RGVtYW5kU3RheUxpc3Rpbmc6MTU1MzU0MTc4Njc2OTQ3NDA0NA==,chambre bien situer au coeur de Paris,Paris,Chambre d'hôtes,Particulier,,670 €,670.0,"4,88 (17)",4.88,17.0,False,,48.85536,2.32286
RGVtYW5kU3RheUxpc3Rpbmc6MTUyODQ1MzQ5ODY2MjgwOTAzNw==,"Studio rénové, 10 min de Paris, gare de Clamart.",Issy-les-Moulineaux,Appartement,Particulier,,,,,,,False,,48.8147,2.2721
RGVtYW5kU3RheUxpc3Rpbmc6MTY1NTc2MjA1NTQyODU0MzA4MA==,Cosy Appartement du Parc des Expositions/Tour Eiff,Paris,Appartement,Professionnel,,854 €,854.0,Nouveau,,,True,,48.83332,2.29644
RGVtYW5kU3RheUxpc3Rpbmc6MTY1Mjk0MzU2NzIyNjEwNDY2Mw==,Grand studio loft bien equipe a Paris 15 - 2P,Paris,Appartement,Professionnel,,1 002 €,1002.0,Nouveau,,,True,,48.84472,2.29168
RGVtYW5kU3RheUxpc3Rpbmc6MTU4OTAxNTczMDE4NDM1NTc4NQ==,Studio Paris 15 Tour Eiffel - Parc des expositions,Paris,Appartement,Particulier,,,,"5,0 (3)",5.0,3.0,False,,48.84349,2.30291
RGVtYW5kU3RheUxpc3Rpbmc6MTY1NTYzMTQzNDcwODY3MDE0Mw==,"Studio neuf & lumineux proche Paris, à 2 pas métro",Clichy,Appartement,Particulier,Annulation gratuite,509 €,509.0,"5,0 (3)",5.0,3.0,False,,48.90384,2.30099
RGVtYW5kU3RheUxpc3Rpbmc6OTgxMjY5NDU1OTUwMjkxMTQw,"Superbe studio, calme, lumineux.",Gentilly,Appartement,Particulier,Annulation gratuite,497 €,497.0,"4,86 (209)",4.86,209.0,False,,48.8164,2.3534
RGVtYW5kU3RheUxpc3Rpbmc6MTY0ODQ5MzYwNTQ2NzU0MDYxOQ==,"Chambre cosy à Boulogne, à 50 m du métro !",Boulogne-Billancourt,Hébergement,Particulier,Annulation gratuite,473 €,473.0,"5,0 (4)",5.0,4.0,False,,48.83129,2.23082
RGVtYW5kU3RheUxpc3Rpbmc6MTY0NTAyMDA3MTg3NzMwNjc2MA==,Saint-Mandé-Place du marché,Saint-Mandé,Appartement,Particulier,Annulation gratuite,,,"5,0 (3)",5.0,3.0,False,,48.8384,2.4171
RGVtYW5kU3RheUxpc3Rpbmc6ODQ3NDg3OTYyOTU1ODU4NTA2,Bateau bleu,Issy-les-Moulineaux,Hébergement,Particulier,Annulation gratuite,981 €,981.0,"5,0 (93)",5.0,93.0,False,,48.8283,2.2602
RGVtYW5kU3RheUxpc3Rpbmc6MTY1MjE2NzkzNTYyNjc3NDA5OA==,"Appartement 3 pièces, Paris 13",Paris,Appartement,Particulier,Annulation gratuite,1 004 €,1004.0,Nouveau,,,True,,48.82227,2.35618
RGVtYW5kU3RheUxpc3Rpbmc6OTA1Nzg4NTUzMTY2Njc2NjM2,Studio Porte de Versailles parc des expositions,Issy-les-Moulineaux,Appartement,Particulier,Annulation gratuite,,,"5,0 (64)",5.0,64.0,False,,48.8314,2.2789
RGVtYW5kU3RheUxpc3Rpbmc6MTY2NTg5NDUxNzk1MDY0NDAyMQ==,Arts et Métiers - Beaubourg studio,Paris,Chambre d'hôtes,Professionnel,Annulation gratuite,551 €,551.0,Nouveau,,,True,,48.86582211913072,2.357295142201135
RGVtYW5kU3RheUxpc3Rpbmc6MTY0MTI4ODEyNDU2NjU0OTcyMg==,Studio climatisé équipé - Pré-Saint-Gervais,Le Pré-Saint-Gervais,Appartement,Professionnel,Annulation gratuite,502 €,502.0,"5,0 (3)",5.0,3.0,False,,48.88589,2.401
RGVtYW5kU3RheUxpc3Rpbmc6MTY0NjU4NzU3MDkxMjQyMzE0MQ==,Appartement chic à Paris avec climatisation pour 6 personnes,Paris,Appartement,Professionnel,Annulation gratuite,2 281 €,2281.0,Nouveau,,,True,,48.8498,2.2894
RGVtYW5kU3RheUxpc3Rpbmc6MTYyNTUxMjA1NDg4MDExMDk0MQ==,"Chambre salon, salle de bain privés Gare du Nord",Paris,Hébergement,Particulier,Annulation gratuite,433 €,433.0,Nouveau,,,True,,48.8869,2.36114
RGVtYW5kU3RheUxpc3Rpbmc6OTE4NzMxMjQxNDU1NDg0MTQ2,Maisonnette avec son jardinet.,Meudon,Maison d'hôtes,Particulier,Annulation gratuite,,,"4,98 (153)",4.98,153.0,False,,48.8151,2.2335
RGVtYW5kU3RheUxpc3Rpbmc6OTUwNDk3MjU2ODYzNzQ2NTc1,Appartement calme et cosy (Canal de l'Ourcq),Paris,Appartement,Particulier,Annulation gratuite,600 €,600.0,"4,88 (16)",4.88,16.0,False,,48.88996054019739,2.3811121064907206
RGVtYW5kU3RheUxpc3Rpbmc6MTExNzMyMzc5NjY2OTExMTY4MA==,Studio au cœur de Butte-aux-Cailles,Paris,Appartement,Particulier,,685 €,685.0,"4,85 (26)",4.85,26.0,False,,48.8285,2.3486
RGVtYW5kU3RheUxpc3Rpbmc6MTY1NTA1MDY2MjcxOTg2NTYxMw==,Superbe 3P rénové 2025 – Charme & confort,Paris,Appartement,Particulier,,1 968 €,1968.0,Nouveau,,,True,,48.87716,2.34742
RGVtYW5kU3RheUxpc3Rpbmc6MTYyOTI1NzgxMDk5OTcxMDI1Ng==,4 Seasons Nest - Cour Privée - Paris,Montreuil,Hébergement,Professionnel,,670 €,670.0,"5,0 (5)",5.0,5.0,False,,48.8568,2.4346
RGVtYW5kU3RheUxpc3Rpbmc6MTY1NjQ4NjUwNjUxMzgwMzY4MA==,Splendide appartement 2 chambres rez-de-chaussée,Saint-Ouen,Appartement,Professionnel,,628 €,628.0,Nouveau,,,True,,48.9161,2.3353
RGVtYW5kU3RheUxpc3Rpbmc6MTYxMDE0MTE5OTAxNTQ1NjY5OA==,Cocon chaleureux à Paris,Paris,Appartement,Particulier,,575 €,575.0,Nouveau,,,True,,48.89002,2.37241
RGVtYW5kU3RheUxpc3Rpbmc6MTA2MjQxMTM5Njg0NDY4OTg4NA==,Duplex au dernier étage d'une maison individuelle,La Garenne-Colombes,Hébergement,Particulier,,741 €,741.0,"4,97 (31)",4.97,31.0,False,,48.9078,2.2372
RGVtYW5kU3RheUxpc3Rpbmc6MTAwMzUxMTYxNzIyNjcwMDgwNw==,Petit studio isolé dans l’ouest parisien,Saint-Cloud,Hébergement,Particulier,,,,"4,84 (90)",4.84,90.0,False,,48.84523,2.22002
RGVtYW5kU3RheUxpc3Rpbmc6MjE0MTkwNDg=,Studio La Défense au coeur d'un grand jardin,Courbevoie,Maison d'hôtes,Particulier,,549 €,549.0,"4,95 (131)",4.95,131.0,False,,48.9009,2.2414
RGVtYW5kU3RheUxpc3Rpbmc6MTY0NjQyMzY5NDQyOTM1MDQ3Mg==,Magnifique appartement en plein centre de Paris,Paris,Appartement,Professionnel,,2 404 €,2404.0,Nouveau,,,True,,48.86271,2.35499
RGVtYW5kU3RheUxpc3Rpbmc6MTY1NjUxNjU3MTAxOTM0NzUyMw==,Appartement cosy 2 chambres Bastille Gare de Lyon,Paris,Appartement,Particulier,,1 196 €,1196.0,Nouveau,,,True,,48.84781,2.37048
RGVtYW5kU3RheUxpc3Rpbmc6MTY1MDg3OTM0NTM3MjI5MDUzMg==,Logement pour deux,Paris,Appartement,Particulier,,607 €,607.0,Nouveau,,,True,,48.847,2.3
RGVtYW5kU3RheUxpc3Rpbmc6OTU3MjUyNDQ3MTk5NDQ1MDE4,Chambre d'hôtes dans une maison avec jardin,Meudon,Chambre d'hôtes,Particulier,,381 €,381.0,"5,0 (3)",5.0,3.0,False,,48.8154,2.2471
RGVtYW5kU3RheUxpc3Rpbmc6ODc1MTcxMTk2NDg0MDI3OTQy,"Studio Cosy, Lumineux  | 2P | Proche Montmartre",Paris,Appartement,Particulier,,700 €,700.0,"4,76 (33)",4.76,33.0,False,,48.88775,2.32576
RGVtYW5kU3RheUxpc3Rpbmc6MTY1Mjg2NDI3MTQ4MzYzMTI0Nw==,petit studio,Issy-les-Moulineaux,Appartement,Particulier,,263 €,263.0,Nouveau,,,True,,48.83116,2.28049
RGVtYW5kU3RheUxpc3Rpbmc6MTM4NTQ3ODc3NDA4NTM1ODc3NA==,Au cœur de Montmartre 10p 140M²,Paris,Appartement,Professionnel,,2 669 €,2669.0,"5,0 (4)",5.0,4.0,False,,48.88340956924975,2.343283457027681
RGVtYW5kU3RheUxpc3Rpbmc6OTY1MDYwNzIwODU5NjcxMjgy,Appartement parisien central,Paris,Appartement,Particulier,,981 €,981.0,"5,0 (34)",5.0,34.0,False,,48.86662,2.3769
RGVtYW5kU3RheUxpc3Rpbmc6MTEzMTA4ODM2MjQ0MTU0ODE0MA==,Exceptionnel 160m² avec terrasse - Champs-Élysées,Paris,Appartement,Professionnel,,,,"4,9 (126)",4.9,126.0,False,,48.8701,2.303
RGVtYW5kU3RheUxpc3Rpbmc6NzQ3Njk2NTYzNzUzNDIxMzQ3,"Calme, endroit sécurisé, 12 mns  gare St Lazare",Colombes,Chambre,,Annulation gratuite,307 €,307.0,"4,97 (38)",4.97,38.0,False,,48.9174,2.2594
RGVtYW5kU3RheUxpc3Rpbmc6MTYzNzgxNDMxMzQ1NTI4NTIxNQ==,"Appartement Les Lilas Proche Paris, Confort Calme",Les Lilas,Appartement,Professionnel,,629 €,629.0,Nouveau,,,True,,48.88005958109252,2.4154356924437277
RGVtYW5kU3RheUxpc3Rpbmc6MTEyNDA1MDQ1NDQ5MDc3MTA3Ng==,Studio 45 Arche Défense Arena Parking gratuit Wifi TV,Courbevoie,Appartement,Professionnel,,603 €,603.0,"4,75 (56)",4.75,56.0,False,,48.89582,2.23491
RGVtYW5kU3RheUxpc3Rpbmc6MTQyNTk5NTM2NjQ1ODgyMzMyOA==,Logement somptueux unique près du parc Monceau,Paris,Appartement,Professionnel,,,,"5,0 (41)",5.0,41.0,False,,48.878,2.31613
RGVtYW5kU3RheUxpc3Rpbmc6MTA0NzE0OTkyNDA2MzQ2NTExOA==,Charmant studio rue des Batignolles - Mairie XVII,Paris,Appartement,Particulier,Annulation gratuite,782 €,782.0,"4,84 (38)",4.84,38.0,False,,48.8861,2.319
RGVtYW5kU3RheUxpc3Rpbmc6MjE2NDY3MDg=,Appartement Haussmannien près de Montmartre,Paris,Appartement,Particulier,,1 226 €,1226.0,"4,92 (13)",4.92,13.0,False,,48.88154,2.34655
RGVtYW5kU3RheUxpc3Rpbmc6MTkxMzA1NTM=,Chambre douillette et calme,Boulogne-Billancourt,Chambre,,,,,"4,85 (421)",4.85,421.0,False,,48.83302,2.24804
RGVtYW5kU3RheUxpc3Rpbmc6ODUwMzcz,Charmant petit appartement calme et atypique-20m2,Paris,Appartement,Particulier,,475 €,475.0,"4,71 (112)",4.71,112.0,False,,48.8834,2.3603
RGVtYW5kU3RheUxpc3Rpbmc6OTcxMDIxNQ==,Appartement bohème à Paris!,Paris,Appartement,Particulier,,692 €,692.0,"4,9 (30)",4.9,30.0,False,,48.8954,2.3494
RGVtYW5kU3RheUxpc3Rpbmc6MTY2Mjg4NzQ0NTc5NDE3MTg5Ng==,Chambre parisienne 15e arrondissement,Paris,Hébergement,Particulier,,349 €,349.0,Nouveau,,,True,,48.84114,2.28429
RGVtYW5kU3RheUxpc3Rpbmc6MTY0NDM0ODc3NTcwMTgwOTE5Nw==,Appartement central 2 chambres,Paris,Appartement,Professionnel,,,,Nouveau,,,True,,48.84727,2.37464
RGVtYW5kU3RheUxpc3Rpbmc6MTQyMDg1MzA4OTU3ODQ3NTc5NQ==,"Appartement T2 cocooning, Paris 11ème",Paris,Appartement,Particulier,,981 €,981.0,"4,94 (31)",4.94,31.0,False,,48.866,2.3799
RGVtYW5kU3RheUxpc3Rpbmc6MTMyMjQ5ODEyODA3ODA5Mzk4MQ==,Studio cosy proche RER A & La Défense,Rueil-Malmaison,Appartement,Particulier,Annulation gratuite,423 €,423.0,"5,0 (39)",5.0,39.0,False,,48.8775,2.196
RGVtYW5kU3RheUxpc3Rpbmc6MTYxNzI3NTkwNzcxMDAzOTg1OA==,"idéalement situé: commerces, Parc des Princes, RG",Boulogne-Billancourt,Appartement,Particulier,Annulation gratuite,620 €,620.0,"4,9 (10)",4.9,10.0,False,,48.83647,2.24403
RGVtYW5kU3RheUxpc3Rpbmc6MTIwNDI5MjI0NTgyNDY3ODQ5Ng==,Appartement plein sud - terrasse,Montrouge,Appartement,Particulier,Annulation gratuite,1 506 €,1506.0,"4,99 (139)",4.99,139.0,False,,48.81598876856627,2.3310124616469863
RGVtYW5kU3RheUxpc3Rpbmc6MTQ2NjY4NTUzNjYwNDM4MzQ1Mw==,Bel appartement à Maisons-Alfort,Maisons-Alfort,Appartement,Particulier,Annulation gratuite,,,"5,0 (15)",5.0,15.0,False,,48.79281,2.43491
RGVtYW5kU3RheUxpc3Rpbmc6MTYyOTA1OTg2NzQ1NjA1NjQ4NA==,Grand 90m² avec jardin privé aux portes de Paris,Ivry-sur-Seine,Hébergement,Professionnel,Annulation gratuite,712 €,712.0,Nouveau,,,True,,48.8168,2.3717
RGVtYW5kU3RheUxpc3Rpbmc6MTQ1MjcwMzAyMzExNzMyODkzNw==,Superbe appartement 2 chambres Champs-Élysées,Paris,Appartement,Particulier,Annulation gratuite,1 313 €,1313.0,,,,False,,48.8756,2.2951
RGVtYW5kU3RheUxpc3Rpbmc6MTY1MzUzNDQyNjU3MzU5NDc3OA==,Studio confortable Havre de Paix proche Paris,Montreuil,Appartement,Professionnel,Annulation gratuite,318 €,318.0,Nouveau,,,True,,48.87632,2.44943
RGVtYW5kU3RheUxpc3Rpbmc6ODM4MjE0MjYxMTIyNDUzNTI3,Appartement cosy Paris La Défense Arena.,Courbevoie,Chambre,,Annulation gratuite,756 €,756.0,"5,0 (30)",5.0,30.0,False,,48.8967,2.2362
RGVtYW5kU3RheUxpc3Rpbmc6MTY1NjAwMzA0MzMwNjI4MTc1Mw==,Contemporary artist style panoramic Eiffel Tower,Paris,Appartement,Particulier,Annulation gratuite,3 302 €,3302.0,"5,0 (4)",5.0,4.0,False,,48.851592472628965,2.2869923224660273
RGVtYW5kU3RheUxpc3Rpbmc6MTA5MDczODI1MTM1MDg4MTMzOA==,Studio parisien sous les toits,Paris,Appartement,Particulier,Annulation gratuite,758 €,758.0,"4,86 (49)",4.86,49.0,False,,48.84567,2.34033
RGVtYW5kU3RheUxpc3Rpbmc6MTA4MDMzMjU5NzA3NjU5NTMxNQ==,Appart avec jardin aux portes de Paris - Boulogne,Boulogne-Billancourt,Hébergement,Particulier,Annulation gratuite,1 125 €,1125.0,"5,0 (36)",5.0,36.0,False,,48.82623,2.24616
RGVtYW5kU3RheUxpc3Rpbmc6NTQxMzQzOTA=,Studio 13 Arche de la Défense/wifi/TV/Parking gratuit,Courbevoie,Appartement en résidence,Professionnel,Annulation gratuite,623 €,623.0,"4,77 (129)",4.77,129.0,False,,48.89607,2.23592
RGVtYW5kU3RheUxpc3Rpbmc6MTY1NTgwMDk4MjE0MDIwODgxOA==,Charmant studio à 2 minutes du parc de Sceaux,Antony,Appartement,Professionnel,Annulation gratuite,471 €,471.0,Nouveau,,,True,,48.76979029537892,2.311537581703296
RGVtYW5kU3RheUxpc3Rpbmc6MTE3MzA4MjE3MTkzODc4NjUzNw==,Grande maison près de Paris,Villejuif,Hébergement,Particulier,Annulation gratuite,,,"5,0 (93)",5.0,93.0,False,,48.80808257159594,2.3668404554651397
RGVtYW5kU3RheUxpc3Rpbmc6MTQxODIzMjcyMjM3NTg5MTY5NQ==,Boul'Bohème-centre ville accès direct Paris-4 pers,Boulogne-Billancourt,Appartement,Particulier,Annulation gratuite,1 086 €,1086.0,"5,0 (42)",5.0,42.0,False,,48.83735,2.24198
RGVtYW5kU3RheUxpc3Rpbmc6MTM1MTU4Mjk0NDE0MDgzODE4Mw==,Luxe Neuf • Parking Privé •Gare en Face •5mn Paris,Maisons-Alfort,Appartement,Particulier,Annulation gratuite,517 €,517.0,"4,95 (60)",4.95,60.0,False,,48.7896,2.4357
RGVtYW5kU3RheUxpc3Rpbmc6MTY1MDA1NzgzNjkwNzg4MTcyMQ==,Luxueux Appartement climatisé Louvre Saint Honoré,Paris,Appartement,Professionnel,Annulation gratuite,3 668 €,3668.0,Nouveau,,,True,,48.86564,2.32561
RGVtYW5kU3RheUxpc3Rpbmc6MTY0NTc4NDY1MTYwMTEzMTY0Nw==,Charmant studio avec balcon à Paris !,Paris,Chambre d'hôtes,Particulier,Annulation gratuite,433 €,433.0,"5,0 (5)",5.0,5.0,False,,48.89024,2.35926
RGVtYW5kU3RheUxpc3Rpbmc6MTUzNjE2OTQxNjk2MjU0MjAyOA==,Appartement luxe Rooftop Jacuzzi Tour Eiffel AC,Paris,Appartement,Professionnel,Annulation gratuite,6 500 €,6500.0,"5,0 (16)",5.0,16.0,False,,48.85534,2.28225
RGVtYW5kU3RheUxpc3Rpbmc6MTE0NTY5MzMzOTQ1ODc4MDYyMg==,Appartement élégant avec balcon,Puteaux,Appartement en résidence,Particulier,Annulation gratuite,1 301 €,1301.0,"5,0 (49)",5.0,49.0,False,,48.888,2.2416
RGVtYW5kU3RheUxpc3Rpbmc6MTU4NTQwODg4MDYxNTIyMjI2OQ==,Joli appartement ensoleillé proche Buttes-Chaumont,Paris,Appartement,Particulier,Annulation gratuite,723 €,723.0,Nouveau,,,True,,48.8762,2.3839
RGVtYW5kU3RheUxpc3Rpbmc6MTY1MDY5MjkxOTg2NzM5NjYwMQ==,"Duplex atypique Batignolles, métro à pied",Paris,Appartement,Professionnel,Annulation gratuite,,,Nouveau,,,True,,48.8892,2.3176
RGVtYW5kU3RheUxpc3Rpbmc6MTE4NjM1MjAwOTg1NTEwNDE0Mg==,Petit nid perché - Nation,Paris,Appartement,Particulier,Annulation gratuite,715 €,715.0,"4,83 (24)",4.83,24.0,False,,48.8497,2.3927
RGVtYW5kU3RheUxpc3Rpbmc6MTM2OTA5ODQzNzgxMjM1OTI4Ng==,Appartement moderne de 3 pièces à 3 minutes du métro,Paris,Appartement,Particulier,Annulation gratuite,1 495 €,1495.0,"4,92 (24)",4.92,24.0,False,,48.8197,2.3624
RGVtYW5kU3RheUxpc3Rpbmc6MTQzOTE1MDExMDUyNDQ3OTQxOA==,PARIS Montrouge Studio neuf 1-6 pers très cosy !,Montrouge,Appartement,Particulier,,,,,,,False,,48.81915,2.33247
RGVtYW5kU3RheUxpc3Rpbmc6MTA2NDY4NTYwMTA1ODE2NjYyNw==,Studio au centre de Montrouge proche métro 4,Montrouge,Appartement,Particulier,Annulation gratuite,437 €,437.0,"4,78 (60)",4.78,60.0,False,,48.8162,2.3127
RGVtYW5kU3RheUxpc3Rpbmc6Nzc4ODYwMTk2MTk3MTA5Mzgy,Appartement calme au pied du Sacré-Cœur,Paris,Appartement,Particulier,Annulation gratuite,658 €,658.0,"4,75 (16)",4.75,16.0,False,,48.88511,2.3463
RGVtYW5kU3RheUxpc3Rpbmc6MTYyNzUzNTY0ODM5NTE5OTk5Mg==,Loft d'architecte design - 8p - 5min from metro,Paris,Appartement,Professionnel,Annulation gratuite,2 108 €,2108.0,"5,0 (4)",5.0,4.0,False,,48.8671,2.3957
RGVtYW5kU3RheUxpc3Rpbmc6MTQ5MTI3MDA2MjQ5MzExODU2OA==,Appartement avec un grand jardin,Paris,Appartement,Particulier,Annulation gratuite,1 591 €,1591.0,Nouveau,,,True,,48.8613,2.38561
RGVtYW5kU3RheUxpc3Rpbmc6MTMxMDI5NjQ3MDE2NzYwMTgzMQ==,Grande maison d'architecte avec rooftop,Paris,Hébergement,Particulier,Annulation gratuite,5 401 €,5401.0,"5,0 (3)",5.0,3.0,False,,48.8874935686059,2.3245692455893634
RGVtYW5kU3RheUxpc3Rpbmc6MTY0OTkxOTEzMDgxOTI4NjY5MA==,Appart neuf climatisé • 2 chambres • 15 min Paris,Bagneux,Appartement,Professionnel,,858 €,858.0,Nouveau,,,True,,48.7974,2.3158
RGVtYW5kU3RheUxpc3Rpbmc6MTY0NDM0NzQ3NTU4MDMzNDM5MQ==,Studio centre de Paris avec belle vue Tour Eiffel,Paris,Chambre d'hôtes,Particulier,,712 €,712.0,Nouveau,,,True,,48.85892436227531,2.2864179635599244
RGVtYW5kU3RheUxpc3Rpbmc6MTQ3MDMxOTM0MTg0Njg5MzI1NA==,"Maison de luxe – 8 personnes, conçue par un architecte",Colombes,Hébergement,Professionnel,,1 509 €,1509.0,"5,0 (6)",5.0,6.0,False,,48.9126,2.2387
RGVtYW5kU3RheUxpc3Rpbmc6MTYxMTgzMzAwODIzNTUxNzYxMA==,Appartement agréable,Paris,Appartement,Particulier,,729 €,729.0,,,,False,,48.84857,2.37341
RGVtYW5kU3RheUxpc3Rpbmc6MTIxODcxMTI2MjA0NDc5NDQ2MA==,Appartement cosy & moderne à Montreuil - 1BR/4P,Montreuil,Appartement,2 lits,,,,"4,98 (49)",4.98,49.0,False,,48.8511,2.434
RGVtYW5kU3RheUxpc3Rpbmc6MTYzNTQwNTU0MDEyNjU4NDEzMg==,"Bel appartement au cœur de Paris, pour 10 personne",Paris,Appartement,5 lits,,3 894 €,3894.0,Nouveau,,,True,,48.87256879926211,2.3565807637736356
RGVtYW5kU3RheUxpc3Rpbmc6MTY1NDk2Njk3MTY3NTExMTM5Nw==,Magnifique logement de 1 chambre à Saint-Germain – Quartier latin,Paris,Appartement,Professionnel,,856 €,856.0,Nouveau,,,True,,48.85476,2.33868
RGVtYW5kU3RheUxpc3Rpbmc6MTQ1OTQ1MDQ1MDEzMzA3NTA4Nw==,Charme Parisien - 2 Pièces - Au pied du Métro,Saint-Ouen,Appartement,Particulier,,645 €,645.0,"4,75 (4)",4.75,4.0,False,,48.906715809934695,2.332000721334192
RGVtYW5kU3RheUxpc3Rpbmc6MTY1ODUyOTgyMjg1MTE4Mzg1Mg==,Le studio parfait,Issy-les-Moulineaux,Appartement,Particulier,,490 €,490.0,Nouveau,,,True,,48.81962,2.26313
RGVtYW5kU3RheUxpc3Rpbmc6MTQyNjA0NTU1OTkzMjc5NzM4Mw==,Appartement calme sur cour – Batignolles / Wagram,Paris,Appartement,Particulier,,864 €,864.0,"5,0 (3)",5.0,3.0,False,,48.8882,2.3063
RGVtYW5kU3RheUxpc3Rpbmc6MTQ1NDQyODU3NTkzMDY0ODU2Mw==,Chambre privée dans grand appart proche Défense,Puteaux,Chambre,,,704 €,704.0,"5,0 (4)",5.0,4.0,False,,48.88651,2.24564
RGVtYW5kU3RheUxpc3Rpbmc6MTA5NTAzMzc4NjA3NDk0MzU0Nw==,Superbe T2 la Défense Arena,Nanterre,Appartement,Particulier,,,,"5,0 (4)",5.0,4.0,False,,48.8943,2.2268
RGVtYW5kU3RheUxpc3Rpbmc6MTY1MjAyOTQxMDI4MTE3MTUxMg==,Récent & calme · Balcon · Cœur du 11e · Ligne 9,Paris,Appartement,Particulier,,788 €,788.0,"5,0 (3)",5.0,3.0,False,,48.858570828610155,2.376223809196904
RGVtYW5kU3RheUxpc3Rpbmc6MTMxMjgzMTU0NTAyNDQ0MzgwNg==,Mon Montmartre,Paris,Appartement,Professionnel,,,,"4,85 (13)",4.85,13.0,False,,48.88594280106206,2.3354613442294396
RGVtYW5kU3RheUxpc3Rpbmc6MTUzNDc4Njg4NzE1MjU0MDAxMg==,Appartement confortable | Centre de Paris | Métro 6 Glacière | Paris 13e,Paris,Appartement,Professionnel,,2 325 €,2325.0,"4,88 (26)",4.88,26.0,False,,48.83101,2.34412
RGVtYW5kU3RheUxpc3Rpbmc6MTU3NjA0NjU5ODkwMTAwNzgxNg==,"Magnifique logement avec vue, Javel - EasyHostin'",Paris,Appartement,Particulier,,1 384 €,1384.0,,,,False,,48.848,2.2804
RGVtYW5kU3RheUxpc3Rpbmc6MTQxOTQ0MjQxNzgwMzk5MzI2MA==,Le titi parisien - saint cloud,Saint-Cloud,Appartement,Particulier,Annulation gratuite,492 €,492.0,"4,92 (93)",4.92,93.0,False,,48.8452,2.2212
RGVtYW5kU3RheUxpc3Rpbmc6MTE0NDAwNjk1MTcyMTE2Njg1NQ==,Appartement atypique,Paris,Appartement,Particulier,Annulation gratuite,869 €,869.0,"4,94 (16)",4.94,16.0,False,,48.85914,2.40347
RGVtYW5kU3RheUxpc3Rpbmc6OTI2OTI4Njc3MDAxMTg3NjY1,Deux-pièces cosy à 2 pas de tout,Malakoff,Appartement,Particulier,Annulation gratuite,545 €,545.0,"4,91 (11)",4.91,11.0,False,,48.8218,2.3021
RGVtYW5kU3RheUxpc3Rpbmc6MTYyMDM5MzQzOTIyMTQ3NjE1NQ==,Gare de Lyon Haussmann Apar. clas 3* Charme unique,Paris,Appartement,Particulier,Annulation gratuite,1 755 €,1755.0,Nouveau,,,True,,48.8461,2.3732
RGVtYW5kU3RheUxpc3Rpbmc6MTU5NTU1NDc4MzE5NzYwNjIxNg==,Spacieux appartement canal Saint-Martin,Paris,Appartement,Particulier,Annulation gratuite,1 787 €,1787.0,"5,0 (5)",5.0,5.0,False,,48.8795,2.3659
RGVtYW5kU3RheUxpc3Rpbmc6MTYwMDcyODE2MzkyNDIyNjM3OQ==,Magnifique appartement vue Tour Eiffel,Paris,Appartement,Professionnel,Annulation gratuite,1 752 €,1752.0,,,,False,,48.8537,2.2885
RGVtYW5kU3RheUxpc3Rpbmc6MTM4OTkwNjUyODI1OTE4OTM0Mw==,Appartement cosy,Vincennes,Appartement,Particulier,Annulation gratuite,820 €,820.0,,,,False,,48.84509247435655,2.430052681896651
RGVtYW5kU3RheUxpc3Rpbmc6NjM5MDYwODAzMDUzMDcwMTE3,Grand studio rénové et calme au bord du canal,Paris,Appartement en résidence,Particulier,Annulation gratuite,872 €,872.0,"4,94 (31)",4.94,31.0,False,,48.8891,2.3819
RGVtYW5kU3RheUxpc3Rpbmc6MTI0MzI2NTE5OTEzNzQzMzM0OA==,Appartement,Paris,Appartement,Particulier,Annulation gratuite,746 €,746.0,"4,86 (7)",4.86,7.0,False,,48.86865268876974,2.3881973086765593
RGVtYW5kU3RheUxpc3Rpbmc6MTY2NTg4MDk0ODAxNDI2Mjc1OA==,Charmant studio près de la rue Mouffetard,Paris,Chambre d'hôtes,Professionnel,Annulation gratuite,698 €,698.0,Nouveau,,,True,,48.8429,2.35358
RGVtYW5kU3RheUxpc3Rpbmc6MTY2NjA0MzY5NzUxNDQzNTM4Ng==,Charmant et confortable T2 calme au cœur du 15e,Paris,Appartement,Particulier,Annulation gratuite,1 138 €,1138.0,Nouveau,,,True,,48.84522,2.30819
RGVtYW5kU3RheUxpc3Rpbmc6MTU2Mzc4OTA2MzMxNjMzOTAxMA==,Anjia Collections - Loft/4BDR/10PAX - St Germain,Paris,Appartement,Professionnel,Annulation gratuite,,,"5,0 (9)",5.0,9.0,False,,48.8424,2.3307
RGVtYW5kU3RheUxpc3Rpbmc6MTY1NzM2MzM5MDAxMjk3MzM5Mw==,Appartement 1 chambre élégant au centre de Paris – chic et confortable,Paris,Appartement,Professionnel,Annulation gratuite,1 203 €,1203.0,Nouveau,,,True,,48.86538492766662,2.377695480397247
RGVtYW5kU3RheUxpc3Rpbmc6MTY2NTg0NjY2NzAzNTM3OTQzNA==,"Appart 86m² avec balcons, parking, au calme.",Paris,Appartement,Professionnel,Annulation gratuite,1 241 €,1241.0,Nouveau,,,True,,48.8351,2.3549
RGVtYW5kU3RheUxpc3Rpbmc6MTY1NzIyNTQzMTkzNzE4NjQyMw==,Appartement au top 1 chambre/4 personnes – Musée du Louvre,Paris,Appartement,Professionnel,Annulation gratuite,1 806 €,1806.0,Nouveau,,,True,,48.860189062988816,2.343322527975117
RGVtYW5kU3RheUxpc3Rpbmc6MTY0NTU4NzU1MTk0MjEzMzIyNQ==,"Séjour design Tour Eiffel, chat adorable inclus !",Paris,Appartement,Particulier,Annulation gratuite,1 086 €,1086.0,Nouveau,,,True,,48.8566,2.3084
RGVtYW5kU3RheUxpc3Rpbmc6MTY0NzMzMjkyMTQzMDEzMzgxOQ==,Maison de campagne - Paris 16,Paris,Hébergement,Professionnel,,2 650 €,2650.0,Nouveau,,,True,,48.87052,2.28968
RGVtYW5kU3RheUxpc3Rpbmc6MTY1NjYxMzM4NDIwMjAyNTQzNQ==,Appartement propre et moderne près du quartier animé de la Bastille,Paris,Appartement,Professionnel,Annulation gratuite,965 €,965.0,Nouveau,,,True,,48.85425,2.38654
RGVtYW5kU3RheUxpc3Rpbmc6MTYxNjc3MTAwMzg0ODUxOTY3Ng==,Charmant 2 pièces 40m2 Montparnasse 14eme lumineux,Paris,Appartement,Particulier,Annulation gratuite,875 €,875.0,,,,False,,48.8325,2.3171
RGVtYW5kU3RheUxpc3Rpbmc6MTQ4MDYwOTM=,Appartement moderne lumineux avec terrasse - EasyHostin',Paris,Appartement,Particulier,,844 €,844.0,"4,74 (81)",4.74,81.0,False,,48.8869,2.3452
RGVtYW5kU3RheUxpc3Rpbmc6NjUwMzU4NDM3MTQxNjU5MzA2,"Lumineux, Élégant & Spacieux - Batignolles",Paris,Appartement,Particulier,,1 105 €,1105.0,"4,94 (18)",4.94,18.0,False,,48.8885,2.3178
RGVtYW5kU3RheUxpc3Rpbmc6MTYwNjU5NDE2OTA1ODkzODg1Mw==,Fabuleux proche Paris & métro ligne 14,Saint-Ouen,Appartement,Particulier,,2 095 €,2095.0,"5,0 (18)",5.0,18.0,False,,48.9084,2.3389
RGVtYW5kU3RheUxpc3Rpbmc6MTQyNjgwNzUyMzUwNDI5Mjg0Nw==,Collections NoChichi - 3BDR/10PAX - St-Sulpice II,Paris,Appartement,Professionnel,,5 458 €,5458.0,"4,96 (25)",4.96,25.0,False,,48.8473,2.322
RGVtYW5kU3RheUxpc3Rpbmc6MTI3MDE1Njc5NDA3MTE2MTYyOQ==,"T2 élégant aux portes de Paris, à 3 min du métro",Pantin,Appartement,Particulier,,829 €,829.0,"5,0 (63)",5.0,63.0,False,,48.892,2.405
RGVtYW5kU3RheUxpc3Rpbmc6MTYxMTA3NzQwNDI0NDc2MjgwNg==,Deux chambres cosy avec balcon- Proche Tour Eiffel,Paris,Hébergement,Particulier,Annulation gratuite,1 089 €,1089.0,"5,0 (3)",5.0,3.0,False,,48.84308,2.30166
RGVtYW5kU3RheUxpc3Rpbmc6MTU5NzI1NTY4NjU4ODU2NjM1MA==,Le Corbusier Apartment  Saint Germain des Prés,Paris,Appartement,Particulier,Annulation gratuite,1 469 €,1469.0,,,,False,,48.8525,2.33041
RGVtYW5kU3RheUxpc3Rpbmc6ODAzNTkyMzYzODk3MTMzMjQ3,Sublime 165 m2 avec immense terrasse et 5 chambres,Paris,Appartement,Particulier,,2 828 €,2828.0,"4,88 (17)",4.88,17.0,False,,48.86531564084579,2.376999062948746
RGVtYW5kU3RheUxpc3Rpbmc6MTYwODAyOTkyNTgzOTk2Njk0OQ==,Le triple,,Hotel Apollinaire,,+ 102 € de crédit Airbnb | Connectez-vous pour accéder aux offres d'hôtels | Annulation gratuite,,,"5,0 (3)",5.0,3.0,False,,48.8414,2.3257
RGVtYW5kU3RheUxpc3Rpbmc6MTY1MDYzMTM1NTMzNzkxMzUxNw==,Charmant studio à Paris – Louvre,Paris,Appartement,Professionnel,,1 029 €,1029.0,Nouveau,,,True,,48.86577,2.33429
RGVtYW5kU3RheUxpc3Rpbmc6MTIwMzcyNDU2NTA4ODM2MjkzMg==,Appartement élégant (Montmartre),Paris,Appartement,Professionnel,,1 003 €,1003.0,"4,96 (68)",4.96,68.0,False,,48.8929,2.3434
RGVtYW5kU3RheUxpc3Rpbmc6MTY2NTk2NTY4MzQxNTY4NTYzNQ==,Studio au centre du village Levis Paris 17.,Paris,Appartement,Particulier,Annulation gratuite,795 €,795.0,Nouveau,,,True,,48.88531,2.31144
RGVtYW5kU3RheUxpc3Rpbmc6OTEwNzkzMjY4MjY2MjIxMjUw,"Paris in Love - Jaccuzi, terrasse, cinéma, Netflix",Paris,Appartement,Particulier,Annulation gratuite,1 016 €,1016.0,"4,95 (62)",4.95,62.0,False,,48.8293,2.3719
RGVtYW5kU3RheUxpc3Rpbmc6MTYyODIyNDIzMzM2OTM5MjQyNw==,Élégant 80m² avec jardin – Arc de Triomphe - 2BR,Paris,Appartement,Professionnel,,,,Nouveau,,,True,,48.87412,2.29085
RGVtYW5kU3RheUxpc3Rpbmc6MTY1MjE5MzEyNDQwODM5ODMwMw==,Charmant Studio Paris 15e Proche Tour Eiffel,Paris,Appartement,Professionnel,Annulation gratuite,811 €,811.0,Nouveau,,,True,,48.84525,2.30406
RGVtYW5kU3RheUxpc3Rpbmc6MTY0NDgwNDg2MzQ3MTM1MTEwMw==,Elégant duplex avec terrasse aux portes de Paris,Boulogne-Billancourt,Appartement,Particulier,,1 250 €,1250.0,Nouveau,,,True,,48.83617,2.25311
RGVtYW5kU3RheUxpc3Rpbmc6NjA3MTU4OTYyMzY4NTQ5MjI2,De l’autre côté,Paris,Appartement,Particulier,,706 €,706.0,"4,86 (101)",4.86,101.0,False,,48.85426,2.28801
RGVtYW5kU3RheUxpc3Rpbmc6MTYyODMyNTI3MDI4NDU0NTk2OA==,"Studio terrasse – Neuilly, immeuble de standing",Neuilly-sur-Seine,Appartement,Particulier,Annulation gratuite,839 €,839.0,Nouveau,,,True,,48.8868,2.2739
RGVtYW5kU3RheUxpc3Rpbmc6MTY1MjM3NjU1NDcxMzkyNDgyMA==,"Emplacement, emplacement, emplacement – 1 chambre près du Louvre",Paris,Appartement,Professionnel,Annulation gratuite,1 819 €,1819.0,Nouveau,,,True,,48.8602,2.3444
RGVtYW5kU3RheUxpc3Rpbmc6MTczODIxODE=,Montmartre - Chambre double avec BALCON !,Paris,Chambre d'hôtel,Professionnel,Annulation gratuite,969 €,969.0,"4,56 (118)",4.56,118.0,False,,48.88569,2.33571
RGVtYW5kU3RheUxpc3Rpbmc6OTc0MzQ4Mzc2NzIzOTA5NDEx,L’appartement Michel-Ange,Paris,Appartement,Professionnel,,1 180 €,1180.0,"4,88 (16)",4.88,16.0,False,,48.8461,2.263
RGVtYW5kU3RheUxpc3Rpbmc6MTU1MDc2MTU5NDEwNDA5MTI5Mg==,Suite lumineuse près de la place de la Bastille/du Marais,Paris,Chambre d'hôtes,Particulier,,913 €,913.0,"5,0 (4)",5.0,4.0,False,,48.85351,2.36996
RGVtYW5kU3RheUxpc3Rpbmc6MTI5NzA1MjYwNzg5MDc4NzI0Mg==,Studio moderne et cosy,Meudon,Appartement,Particulier,Annulation gratuite,476 €,476.0,"4,79 (123)",4.79,123.0,False,,48.8185,2.2388
RGVtYW5kU3RheUxpc3Rpbmc6MTY1MDc1NDQwMTI3Mzg3MzA4MQ==,Appartement Confort -1BR- 4P - Gare de l'Est,Paris,Appartement,Professionnel,,,,Nouveau,,,True,,48.87778216210892,2.3519933608730565
RGVtYW5kU3RheUxpc3Rpbmc6MjM4OTY3NTE=,Appartement de luxe près des Champs-Élysées 401,Paris,Appartement,Professionnel,,1 268 €,1268.0,"4,96 (91)",4.96,91.0,False,,48.8784,2.2846
RGVtYW5kU3RheUxpc3Rpbmc6OTQzMjM2NjU3ODUxNzkzMTM2,Appartement aux portes de Paris,Saint-Mandé,Appartement,Professionnel,Annulation gratuite,831 €,831.0,"4,83 (59)",4.83,59.0,False,,48.84696286829892,2.4163410794440843
RGVtYW5kU3RheUxpc3Rpbmc6MTYyNzA5MTk0MjkxNDY2MTU1Ng==,Élégant appartement ensoleillé avec balcon près du parc Monceau,Paris,Appartement,Particulier,,1 609 €,1609.0,"5,0 (4)",5.0,4.0,False,,48.88284,2.31693
RGVtYW5kU3RheUxpc3Rpbmc6MTU5NzI4NjU3ODIxMzUwNTU1OA==,Appartement privé près de la tour Eiffel - Beaugrenelle,Paris,Hébergement,Particulier,Annulation gratuite,881 €,881.0,,,,False,,48.8478,2.2867
RGVtYW5kU3RheUxpc3Rpbmc6OTM2MjI3NTI0NzE4NzI2Mjkx,Chambre privée dans le 13eme/Place d’Italie,Paris,Chambre,,Annulation gratuite,706 €,706.0,"4,96 (54)",4.96,54.0,False,,48.83102529585339,2.36138219868655
RGVtYW5kU3RheUxpc3Rpbmc6MTE4NzAwMzI0MTQ1NjMzODM0Ng==,Paris cosy,Paris,Appartement,Particulier,Annulation gratuite,670 €,670.0,"4,8 (104)",4.8,104.0,False,,48.87024,2.36911
RGVtYW5kU3RheUxpc3Rpbmc6MTYyOTYwMTczNTg3MTkyNTY3NQ==,Appartement 2 chambres central,Paris,Appartement,Professionnel,Annulation gratuite,,,Nouveau,,,True,,48.84706,2.37692
RGVtYW5kU3RheUxpc3Rpbmc6MTU3MzI3MDYwNTg1NDQ5OTI2OA==,Appartement d’exception – 3BR – Arc de Triomphe,Paris,Appartement,Professionnel,Annulation gratuite,,,"5,0 (6)",5.0,6.0,False,,48.8774,2.2882
RGVtYW5kU3RheUxpc3Rpbmc6MTY0MjU5NDM3OTMyMDAyMzEzNA==,Appartement de 78 m² à Neuilly-sur-Seine,Neuilly-sur-Seine,Appartement,Professionnel,Annulation gratuite,1 498 €,1498.0,Nouveau,,,True,,48.8799,2.2791
RGVtYW5kU3RheUxpc3Rpbmc6MTIzNTk3Njg1NTAxMjQwNTc1Ng==,"Une chambre à soi, à Bastille",Paris,Chambre,,,596 €,596.0,"4,92 (39)",4.92,39.0,False,,48.851882283123885,2.3783892849375885
RGVtYW5kU3RheUxpc3Rpbmc6MTM1ODcyMzA=,Chambre pour 2p dans une maison près de la Défense,Courbevoie,Chambre,,Annulation gratuite,345 €,345.0,"4,81 (226)",4.81,226.0,False,,48.90088,2.24544
RGVtYW5kU3RheUxpc3Rpbmc6MTEwNTg1NjMyMjMyNjMwODE5OA==,Les Papeteries • Charmant appartement à Nanterre,Nanterre,Appartement,Particulier,Annulation gratuite,576 €,576.0,"5,0 (55)",5.0,55.0,False,,48.90286,2.19724
RGVtYW5kU3RheUxpc3Rpbmc6MTU5MzU0MzczNjAyNjAzNjA4OA==,Chambre la Défense/Engie/U arena/Paris,La Garenne-Colombes,Hébergement,Particulier,Annulation gratuite,328 €,328.0,"5,0 (12)",5.0,12.0,False,,48.9015,2.2326
RGVtYW5kU3RheUxpc3Rpbmc6MTQ5OTM5NzE3MzQ3NjUzNjc5Mw==,Chambre privée. Chic et lumineuse,Paris,Chambre,,Annulation gratuite,469 €,469.0,"4,93 (68)",4.93,68.0,False,,48.8362,2.39935
RGVtYW5kU3RheUxpc3Rpbmc6MTY0OTM1NTM3MTAxNjA1MzY5NQ==,Appartement avec terrasse rare près de la gare Montparnasse et de la Tour Montparnasse,Paris,Appartement,Particulier,Annulation gratuite,1 162 €,1162.0,Nouveau,,,True,,48.83551,2.32206
RGVtYW5kU3RheUxpc3Rpbmc6MTYwMzU0ODQ2NzM5NDA4NzY1NQ==,Appartement cosy Paris 20e,Paris,Appartement,Particulier,Annulation gratuite,1 600 €,1600.0,,,,False,,48.8528,2.40549
RGVtYW5kU3RheUxpc3Rpbmc6MTY2MDQxNDMwNDY1ODIzMTA2NA==,Appartement près de la Tour Eiffel,Paris,Appartement,Particulier,Annulation gratuite,599 €,599.0,Nouveau,,,True,,48.84519,2.28726
RGVtYW5kU3RheUxpc3Rpbmc6Njg2MDk5NjkwMTI5ODc5Nzc4,Luxe Paris Arc de Triomphe/Champs-Elysées,Paris,Appartement,Particulier,Annulation gratuite,1 130 €,1130.0,"4,74 (146)",4.74,146.0,False,,48.8761,2.2961
RGVtYW5kU3RheUxpc3Rpbmc6MTUwNTU4ODU5NTA5MTMwMTg2MQ==,"Loft design et confortable, Montparnasse",Paris,Appartement,Particulier,Annulation gratuite,,,"4,97 (30)",4.97,30.0,False,,48.8318,2.3232
RGVtYW5kU3RheUxpc3Rpbmc6MTYzOTkxOTE5NDQyNTI0OTQ2NA==,Refuge dans le Marais à Paris,Paris,Appartement,Particulier,Annulation gratuite,800 €,800.0,Nouveau,,,True,,48.85962,2.35846
RGVtYW5kU3RheUxpc3Rpbmc6MTY0NTY2NjQwNTE0MjY4NzQ5NA==,"DDI - ""La Suite"" Design / Marais & Vosges",Paris,Appartement,Professionnel,Annulation gratuite,958 €,958.0,Nouveau,,,True,,48.8561,2.3677
RGVtYW5kU3RheUxpc3Rpbmc6MzgxNDA3OQ==,"Chambre chez l habitant, vue dégagée",Issy-les-Moulineaux,Chambre,,Annulation gratuite,500 €,500.0,"5,0 (40)",5.0,40.0,False,,48.821,2.2556
RGVtYW5kU3RheUxpc3Rpbmc6MTY0ODc0NTczMzQ0NDkxMDcyOQ==,Studio design proche de l’Arc de Triomphe,Paris,Appartement,Particulier,Annulation gratuite,893 €,893.0,Nouveau,,,True,,48.88429,2.29279
RGVtYW5kU3RheUxpc3Rpbmc6MTQ1MTIzNzkwNDM4OTEyNTU2OA==,Appartement 33m2 neuf cosy - Paris 12 - 4p,Paris,Appartement,Professionnel,Annulation gratuite,,,"5,0 (3)",5.0,3.0,False,,48.842,2.3957
RGVtYW5kU3RheUxpc3Rpbmc6MTYyOTkyNzI1NzExODU0NTA0Mw==,Paris la défense,Courbevoie,Appartement,1 lit,Annulation gratuite,,,"5,0 (11)",5.0,11.0,False,,48.8895,2.2468
RGVtYW5kU3RheUxpc3Rpbmc6MTUyMzgxODk1NzcyNDEwMzA2Ng==,Charmant studio 2P - 5' Tour Eiffel,Paris,Appartement,Professionnel,Annulation gratuite,,,,,,False,,48.8605,2.30523
RGVtYW5kU3RheUxpc3Rpbmc6MTE3MjI0Njk5MDM4NjU5NzgxNA==,Charmant studio,Paris,Appartement,Particulier,Annulation gratuite,574 €,574.0,"4,9 (21)",4.9,21.0,False,,48.8278,2.3545
RGVtYW5kU3RheUxpc3Rpbmc6MTYzOTY4NDA5NTU5Njg1Mzg2MA==,Appartement design de 3 chambres à Boulogne,Boulogne-Billancourt,Appartement,Particulier,Annulation gratuite,1 150 €,1150.0,Nouveau,,,True,,48.83805,2.22915
RGVtYW5kU3RheUxpc3Rpbmc6MTE5ODYzMjkzMjkwNzc2MDM2Mw==,Chambre confortable à proximité de la Tour Eiffel (15e),Paris,Chambre,,Annulation gratuite,418 €,418.0,"4,95 (20)",4.95,20.0,False,,48.84259,2.28208
RGVtYW5kU3RheUxpc3Rpbmc6MTc4NzQ4MDE=,Chambre double avec salle de bain partagée à Montmartre,Paris,Chambre d'hôtel,Professionnel,Annulation gratuite,606 €,606.0,"4,5 (481)",4.5,481.0,False,,48.885056,2.33325
RGVtYW5kU3RheUxpc3Rpbmc6Mjg0MjU1,Balcon et vue sur le canal Saint-Martin,Paris,Appartement,Particulier,Annulation gratuite,,,"4,37 (81)",4.37,81.0,False,,48.86879,2.36664
RGVtYW5kU3RheUxpc3Rpbmc6MTY0Mjc4NjQwNjkwODk4NjY4Ng==,6#New suite 8 personnes- Saint Germain Notre-Dame,Paris,Appartement,Professionnel,Annulation gratuite,4 679 €,4679.0,Nouveau,,,True,,48.8524,2.3452
RGVtYW5kU3RheUxpc3Rpbmc6MTMwNDMxNzU2MzMwNjM3NzI3OA==,"Maisonette-loft, centre et RER",Rueil-Malmaison,Chambre,,Annulation gratuite,,,"4,81 (81)",4.81,81.0,False,,48.8792,2.1814
RGVtYW5kU3RheUxpc3Rpbmc6MTM3MjQzNzk2MzEyNTEzOTc2NQ==,Vue Tour Eiffel - Balcon Privée & Design Unique,Paris,Appartement,Particulier,Annulation gratuite,6 687 €,6687.0,"4,94 (18)",4.94,18.0,False,,48.85761,2.29172
